{
	"info": {
		"_postman_id": "f46fb9be-4b49-4ead-ab36-f72f32303b21",
		"name": "Employee Managements system",
		"schema": "https://schema.getpostman.com/json/collection/v2.1.0/collection.json",
		"_exporter_id": "41839927"
	},
	"item": [
		{
			"name": "Employee type",
			"item": [
				{
					"name": "get all employee types",
					"request": {
						"method": "GET",
						"header": [],
						"url": {
							"raw": "http://localhost/company/type",
							"protocol": "http",
							"host": [
								"localhost"
							],
							"path": [
								"company",
								"type"
							]
						}
					},
					"response": []
				},
				{
					"name": "get employee type by id",
					"request": {
						"method": "GET",
						"header": [],
						"url": {
							"raw": "http://localhost/company/type/1",
							"protocol": "http",
							"host": [
								"localhost"
							],
							"path": [
								"company",
								"type",
								"1"
							]
						}
					},
					"response": []
				},
				{
					"name": "add new employee type",
					"request": {
						"method": "POST",
						"header": [],
						"body": {
							"mode": "formdata",
							"formdata": [
								{
									"key": "type_name",
									"value": "Software Enginner",
									"type": "text"
								},
								{
									"key": "description",
									"value": "SE",
									"type": "text"
								}
							]
						},
						"url": {
							"raw": "http://localhost/company/type",
							"protocol": "http",
							"host": [
								"localhost"
							],
							"path": [
								"company",
								"type"
							]
						}
					},
					"response": []
				}
			]
		},
		{
			"name": "User",
			"item": [
				{
					"name": "get all users",
					"request": {
						"method": "GET",
						"header": [],
						"url": {
							"raw": "http://localhost/company/user",
							"protocol": "http",
							"host": [
								"localhost"
							],
							"path": [
								"company",
								"user"
							]
						}
					},
					"response": []
				},
				{
					"name": "find user by id",
					"request": {
						"method": "GET",
						"header": [],
						"url": {
							"raw": "http://localhost/company/user/2",
							"protocol": "http",
							"host": [
								"localhost"
							],
							"path": [
								"company",
								"user",
								"2"
							]
						}
					},
					"response": []
				},
				{
					"name": "create new user",
					"request": {
						"method": "POST",
						"header": [],
						"body": {
							"mode": "formdata",
							"formdata": [
								{
									"key": "first_name",
									"value": "Suneth",
									"type": "text"
								},
								{
									"key": "last_name",
									"value": "Mihiranga",
									"type": "text"
								},
								{
									"key": "dob",
									"value": "1998/09/90",
									"type": "text"
								},
								{
									"key": "gender",
									"value": "Male",
									"type": "text"
								},
								{
									"key": "email",
									"value": "suneth@gmail.com",
									"type": "text"
								},
								{
									"key": "address",
									"value": "Warakapola",
									"type": "text"
								},
								{
									"key": "employee_type",
									"value": "3",
									"type": "text"
								},
								{
									"key": "description",
									"value": "asasasasasasasasasas",
									"type": "text"
								},
								{
									"key": "phone_number",
									"value": "0116658454",
									"type": "text"
								}
							]
						},
						"url": {
							"raw": "http://localhost/company/user",
							"protocol": "http",
							"host": [
								"localhost"
							],
							"path": [
								"company",
								"user"
							]
						}
					},
					"response": []
				},
				{
					"name": "New Request",
					"request": {
						"method": "PUT",
						"header": [],
						"body": {
							"mode": "raw",
							"raw": "{\r\n    \"first_name\": \"Gimhan\",\r\n    \"last_name\": \"Sudaraka\"\r\n}",
							"options": {
								"raw": {
									"language": "json"
								}
							}
						},
						"url": {
							"raw": "http://localhost/company/user/update/1",
							"protocol": "http",
							"host": [
								"localhost"
							],
							"path": [
								"company",
								"user",
								"update",
								"1"
							]
						}
					},
					"response": []
				},
				{
					"name": "New Request",
					"request": {
						"method": "DELETE",
						"header": [],
						"url": {
							"raw": "http://localhost/company/user/delete/3",
							"protocol": "http",
							"host": [
								"localhost"
							],
							"path": [
								"company",
								"user",
								"delete",
								"3"
							]
						}
					},
					"response": []
				}
			]
		},
		{
			"name": "Attendace",
			"item": [
				{
					"name": "get all attendance details",
					"request": {
						"method": "GET",
						"header": [],
						"url": {
							"raw": "http://localhost/company/attendance",
							"protocol": "http",
							"host": [
								"localhost"
							],
							"path": [
								"company",
								"attendance"
							]
						}
					},
					"response": []
				},
				{
					"name": "get attendance by user id",
					"request": {
						"method": "GET",
						"header": [],
						"url": {
							"raw": "http://localhost/company/attendance/6",
							"protocol": "http",
							"host": [
								"localhost"
							],
							"path": [
								"company",
								"attendance",
								"6"
							]
						}
					},
					"response": []
				},
				{
					"name": "mark attendance check in",
					"request": {
						"method": "POST",
						"header": [],
						"body": {
							"mode": "formdata",
							"formdata": [
								{
									"key": "user_id",
									"value": "5",
									"type": "text"
								}
							]
						},
						"url": {
							"raw": "http://localhost/company/attendance",
							"protocol": "http",
							"host": [
								"localhost"
							],
							"path": [
								"company",
								"attendance"
							]
						}
					},
					"response": []
				},
				{
					"name": "mark attendance check out",
					"request": {
						"method": "PUT",
						"header": [],
						"url": {
							"raw": "http://localhost/company/attendance/update/5",
							"protocol": "http",
							"host": [
								"localhost"
							],
							"path": [
								"company",
								"attendance",
								"update",
								"5"
							]
						}
					},
					"response": []
				}
			]
		},
		{
			"name": "Summary",
			"item": [
				{
					"name": "get all records",
					"request": {
						"method": "GET",
						"header": [],
						"url": {
							"raw": "http://localhost/company/summary",
							"protocol": "http",
							"host": [
								"localhost"
							],
							"path": [
								"company",
								"summary"
							]
						}
					},
					"response": []
				},
				{
					"name": "filter data",
					"request": {
						"method": "GET",
						"header": [],
						"url": {
							"raw": "http://localhost/company/summary/filter?user_id=5&start_date=2025-03-12&end_date=2025-03-31",
							"protocol": "http",
							"host": [
								"localhost"
							],
							"path": [
								"company",
								"summary",
								"filter"
							],
							"query": [
								{
									"key": "user_id",
									"value": "5"
								},
								{
									"key": "start_date",
									"value": "2025-03-12"
								},
								{
									"key": "end_date",
									"value": "2025-03-31"
								}
							]
						}
					},
					"response": []
				}
			]
		}
	]
}